date,depth,station,cyanophyta_hormogonales_2-aphanizomenon_oval
"2000-01-10 00:00:00",,A,0
"2000-01-25 00:00:00",,A,0
"2000-02-08 00:00:00",,A,0
"2000-02-21 00:00:00",,A,0
"2000-03-06 00:00:00",,A,0
"2000-03-19 00:00:00",,A,0
"2000-04-03 00:00:00",,A,0
"2000-04-16 00:00:00",,A,0
"2000-04-30 00:00:00",,A,0
"2000-05-14 00:00:00",,A,0.000073209
"2000-05-30 00:00:00",,A,0.0003660451
"2000-06-11 00:00:00",,A,0.0007320903
"2000-06-25 00:00:00",,A,0.0024598233
"2000-07-09 00:00:00",,A,0.0031187046
"2000-07-23 00:00:00",,A,0.0104550114
"2000-08-06 00:00:00",,A,0.0149346416
"2000-08-22 00:00:00",,A,0.0186243765
"2000-09-03 00:00:00",,A,0.0372487531
"2000-09-19 00:00:00",,A,0.1405134979
"2000-10-02 00:00:00",,A,0.0690608894
"2000-10-22 00:00:00",,A,0.2310998593
"2000-10-29 00:00:00",,A,0.3660227138
"2000-11-12 00:00:00",,A,0.5206971819
"2000-11-28 00:00:00",,A,0.4959827511
"2000-12-03 00:00:00",,A,0.1142646497
"2000-12-19 00:00:00",,A,0.0143503147
"2001-01-03 00:00:00",,A,0.0050144565
"2001-01-14 00:00:00",,A,0.0012556525
"2001-01-29 00:00:00",,A,0.0015215818
"2001-02-14 00:00:00",,A,0.0005707512
"2001-02-26 00:00:00",,A,0
"2001-03-12 00:00:00",,A,0.0000945816
"2001-03-25 00:00:00",,A,0.0002502336
"2001-04-01 00:00:00",,A,0.0005004672
"2001-04-15 00:00:00",,A,0.0007847828
"2001-04-29 00:00:00",,A,0.0049827482
"2001-05-13 00:00:00",,A,0.0059299312
"2001-05-30 00:00:00",,A,0.0142633159
"2001-06-06 00:00:00",,A,0.0281680981
"2001-06-24 00:00:00",,A,0.0653735312
"2001-07-07 00:00:00",,A,0.1078515838
"2001-07-23 00:00:00",,A,0.1475893989
"2001-07-29 00:00:00",,A,0.0858009799
"2001-08-06 00:00:00",,A,0.0957248703
"2001-08-13 00:00:00",,A,0.094098003
"2001-08-19 00:00:00",,A,0.14524671
"2001-08-26 00:00:00",,A,0.1647691173
"2001-09-02 00:00:00",,A,0.1943130269
"2001-09-09 00:00:00",,A,0.2306816448
"2001-09-24 00:00:00",,A,0.2080600554
"2001-10-03 00:00:00",,A,0.1723828561
"2001-10-14 00:00:00",,A,0.353276844
"2001-10-24 00:00:00",,A,0.3356379156
"2001-10-29 00:00:00",,A,0.2870062936
"2001-11-04 00:00:00",,A,0.0803103029
"2001-11-11 00:00:00",,A,0.0831003802
"2001-11-19 00:00:00",,A,0.101256219
"2001-11-25 00:00:00",,A,0.0797164963
"2001-12-09 00:00:00",,A,0.0102095314
"2001-12-23 00:00:00",,A,0.0007175157
"2002-01-08 00:00:00",,A,0.0017686763
"2002-01-14 00:00:00",,A,0.0012230382
"2002-01-21 00:00:00",,A,0.0005324293
"2002-01-28 00:00:00",,A,0.0002446076
"2002-02-03 00:00:00",,A,0.0005381368
"2002-02-12 00:00:00",,A,0.0000815359
"2002-02-17 00:00:00",,A,0.0001793789
"2002-02-25 00:00:00",,A,0.0000815359
"2002-03-03 00:00:00",,A,0.0008968947
"2002-03-07 00:00:00",,A,0.0000815359
"2002-03-17 00:00:00",,A,0
"2002-03-20 00:00:00",,A,0
"2002-03-24 00:00:00",,A,0
"2002-04-09 00:00:00",,A,0
"2002-04-14 00:00:00",,A,0
"2002-04-22 00:00:00",,A,0
"2002-04-28 00:00:00",,A,0
"2002-05-06 00:00:00",,A,0.0001121118
"2002-05-12 00:00:00",,A,0.000099655
"2002-05-19 00:00:00",,A,0
"2002-05-26 00:00:00",,A,0
"2002-06-02 00:00:00",,A,0
"2002-06-09 00:00:00",,A,0
"2002-06-16 00:00:00",,A,0
"2002-06-23 00:00:00",,A,0
"2002-06-30 00:00:00",,A,0.0140887204
"2002-07-07 00:00:00",,A,0.027261674
"2002-07-16 00:00:00",,A,0.0134105064
"2002-07-21 00:00:00",,A,0.003363355
"2002-07-28 00:00:00",,A,0.0023468386
"2002-08-04 00:00:00",,A,0.0041481378
"2002-08-12 00:00:00",,A,0.0058112194
"2002-08-18 00:00:00",,A,0.0036021839
"2002-08-25 00:00:00",,A,0.0076546408
"2002-09-09 00:00:00",,A,0.0326652584
"2002-09-17 00:00:00",,A,0.0361673817
"2002-09-29 00:00:00",,A,0.0483565898
"2002-10-06 00:00:00",,A,0.0526410055
"2002-10-13 00:00:00",,A,0.07320802
"2002-10-20 00:00:00",,A,0.0723302151
"2002-10-27 00:00:00",,A,0.0863068705
"2002-11-03 00:00:00",,A,0.0597635054
"2002-11-10 00:00:00",,A,0.0752856433
"2002-11-17 00:00:00",,A,0.0459664862
"2002-11-25 00:00:00",,A,0.0742049881
"2002-12-01 00:00:00",,A,0.0701770916
"2002-12-08 00:00:00",,A,0.0553426434
"2002-12-15 00:00:00",,A,0.0093820517
"2002-12-22 00:00:00",,A,0.0055372413
"2002-12-29 00:00:00",,A,0.0022327586
"2003-01-05 00:00:00",,A,0.0014504
"2003-01-13 00:00:00",,A,0.0020374667
"2003-01-19 00:00:00",,A,0.0004465517
"2003-02-02 00:00:00",,A,0.000267931
"2003-02-09 00:00:00",,A,0.0001488506
"2003-02-17 00:00:00",,A,0.0000372126
"2003-02-23 00:00:00",,A,0.0000893103
"2003-03-03 00:00:00",,A,0
"2003-03-09 00:00:00",,A,0
"2003-03-17 00:00:00",,A,0
"2003-03-23 00:00:00",,A,0
"2003-03-30 00:00:00",,A,0
"2003-04-06 00:00:00",,A,0
"2003-04-13 00:00:00",,A,0.000055819
"2003-04-27 00:00:00",,A,0.0000744253
"2003-05-04 00:00:00",,A,0.000055819
"2003-05-11 00:00:00",,A,0.0001364464
"2003-05-18 00:00:00",,A,0.0019475704
"2003-05-25 00:00:00",,A,0.0025151508
"2003-06-01 00:00:00",,A,0.0050303017
"2003-06-09 00:00:00",,A,0.0083838361
"2003-06-15 00:00:00",,A,0.0051592838
"2003-06-22 00:00:00",,A,0.0055865369
"2003-06-29 00:00:00",,A,0.0100815407
"2003-07-07 00:00:00",,A,0.0339985343
"2003-07-13 00:00:00",,A,0.0297720498
"2003-07-20 00:00:00",,A,0.0122216953
"2003-07-27 00:00:00",,A,0.0188880746
"2003-08-03 00:00:00",,A,0.0424426147
"2003-08-10 00:00:00",,A,0.0568864365
"2003-08-24 00:00:00",,A,0.0895516949
"2003-09-14 00:00:00",,A,0.1387495739
"2003-09-20 00:00:00",,A,0.1368829877
"2003-09-29 00:00:00",,A,0.193917566
"2003-10-07 00:00:00",,A,0.2067071381
"2003-10-20 00:00:00",,A,0.1818884549
"2003-10-26 00:00:00",,A,0.2030430985
"2003-11-02 00:00:00",,A,0.1308914765
"2003-11-10 00:00:00",,A,0.1211207043
"2003-11-16 00:00:00",,A,0.0989982012
"2003-11-25 00:00:00",,A,0.0918083877
"2003-11-30 00:00:00",,A,0.077484067
"2003-12-07 00:00:00",,A,0.0362651032
"2003-12-16 00:00:00",,A,0.0067157599
"2003-12-21 00:00:00",,A,0.0065774942
"2003-12-28 00:00:00",,A,0.0039109425
"2004-01-03 00:00:00",,A,0.0033937931
"2004-01-11 00:00:00",,A,0.0035554023
"2004-01-25 00:00:00",,A,0.0023433333
"2004-02-08 00:00:00",,A,0.0026665517
"2004-02-23 00:00:00",,A,0.000808046
"2004-02-29 00:00:00",,A,0.000404023
"2004-03-07 00:00:00",,A,0.0001616092
"2004-03-14 00:00:00",,A,0.0001616092
"2004-03-21 00:00:00",,A,0.0000808046
"2004-03-28 00:00:00",,A,0.0000808046
"2004-04-04 00:00:00",,A,0.0000808046
"2004-04-13 00:00:00",,A,0
"2004-04-25 00:00:00",,A,0
"2004-05-03 00:00:00",,A,0
"2004-05-09 00:00:00",,A,0.0001111063
"2004-05-16 00:00:00",,A,0.0008888506
"2004-05-23 00:00:00",,A,0.0032220833
"2004-06-06 00:00:00",,A,0.0502200572
"2004-06-20 00:00:00",,A,0.0729182656
"2004-06-27 00:00:00",,A,0.1237400872
"2004-07-04 00:00:00",,A,0.0751279101
"2004-07-11 00:00:00",,A,0.1635136866
"2004-07-18 00:00:00",,A,0.1701426198
"2004-08-01 00:00:00",,A,0.2231740858
"2004-08-08 00:00:00",,A,0.346472244
"2004-08-15 00:00:00",,A,0.3601720394
"2004-08-22 00:00:00",,A,0.4198324386
"2004-08-29 00:00:00",,A,0.3469141729
"2004-09-05 00:00:00",,A,0.3270273732
"2004-09-12 00:00:00",,A,0.1846909187
"2004-09-19 00:00:00",,A,0.1872560703
"2004-09-26 00:00:00",,A,0.2337494439
"2004-10-10 00:00:00",,A,0.2321462242
"2004-10-17 00:00:00",,A,0.2443306945
"2004-10-24 00:00:00",,A,0.2372765274
"2004-10-31 00:00:00",,A,0.2667757714
"2004-11-07 00:00:00",,A,0.2103424351
"2004-11-14 00:00:00",,A,0.1962341011
"2004-11-21 00:00:00",,A,0.1718651604
"2004-11-28 00:00:00",,A,0.1073515965
"2004-12-05 00:00:00",,A,0.0038477275
"2004-12-12 00:00:00",,A,0.0004643355
"2004-12-21 00:00:00",,A,0.0001741258
"2004-12-26 00:00:00",,A,0
"2005-01-02 00:00:00",,A,0.0000580419
"2005-01-16 00:00:00",,A,0.0000527654
"2005-01-30 00:00:00",,A,0.0001055308
"2005-02-07 00:00:00",,A,0.0000527654
"2005-02-13 00:00:00",,A,0
"2005-02-20 00:00:00",,A,0
"2005-02-28 00:00:00",,A,0
"2005-03-06 00:00:00",,A,0
"2005-03-13 00:00:00",,A,0
"2005-03-20 00:00:00",,A,0
"2005-03-27 00:00:00",,A,0
"2005-04-03 00:00:00",,A,0
"2005-04-10 00:00:00",,A,0.0000527654
"2005-04-17 00:00:00",,A,0.0001289821
"2005-04-20 00:00:00",,A,0.0001055308
"2005-05-01 00:00:00",,A,0.000263827
"2005-05-08 00:00:00",,A,0.0002176573
"2005-05-15 00:00:00",,A,0.0001582962
"2005-05-22 00:00:00",,A,0.0026699293
"2005-05-29 00:00:00",,A,0.0043853912
"2005-06-14 00:00:00",,A,0.0132093071
"2005-06-19 00:00:00",,A,0.0258609098
"2005-06-26 00:00:00",,A,0.0569851976
"2005-07-10 00:00:00",,A,0.0418546894
"2005-07-17 00:00:00",,A,0.0760461043
"2005-07-24 00:00:00",,A,0.0894596637
"2005-07-31 00:00:00",,A,0.0974757626
"2005-08-07 00:00:00",,A,0.1103015209
"2005-08-14 00:00:00",,A,0.1000409143
"2005-08-21 00:00:00",,A,0.0846500044
"2005-08-28 00:00:00",,A,0.094910611
"2005-09-04 00:00:00",,A,0.0782371253
"2005-09-11 00:00:00",,A,0.0705416703
"2005-09-18 00:00:00",,A,0.0115431824
"2005-09-25 00:00:00",,A,0.028857956
"2005-10-09 00:00:00",,A,0.0417377278
"2005-10-31 00:00:00",,A,0.1460820473
"2005-11-06 00:00:00",,A,0.1449310681
"2005-11-13 00:00:00",,A,0.167376145
"2005-11-22 00:00:00",,A,0.2129075868
"2005-11-27 00:00:00",,A,0.2867627416
"2005-12-04 00:00:00",,A,0.2616218985
"2005-12-11 00:00:00",,A,0.1646185088
"2005-12-18 00:00:00",,A,0.028857956
"2006-01-02 00:00:00",,A,0.0037291741
"2006-01-08 00:00:00",,A,0.0024747197
"2006-01-15 00:00:00",,A,0.0017417294
"2006-01-22 00:00:00",,A,0.0020255344
"2006-01-29 00:00:00",,A,0.0019743567
"2006-02-05 00:00:00",,A,0.0039048999
"2006-02-12 00:00:00",,A,0.0025012383
"2006-02-19 00:00:00",,A,0.000992987
"2006-02-26 00:00:00",,A,0.0014695976
"2006-03-05 00:00:00",,A,0.0006287075
"2006-03-15 00:00:00",,A,0.0018607906
"2006-03-26 00:00:00",,A,0.0026596795
"2006-04-02 00:00:00",,A,0.0044610991
"2006-04-09 00:00:00",,A,0.0024437088
"2006-04-23 00:00:00",,A,0.0018651899
"2006-05-07 00:00:00",,A,0.0008981697
"2006-05-14 00:00:00",,A,0.0006150001
"2006-05-21 00:00:00",,A,0.0004289353
"2006-05-28 00:00:00",,A,0.0008711603
"2006-06-04 00:00:00",,A,0.0029072421
"2006-06-11 00:00:00",,A,0.0073488304
"2006-06-18 00:00:00",,A,0.0276948334
"2006-06-25 00:00:00",,A,0.0431374792
"2006-07-02 00:00:00",,A,0.0413826782
"2006-07-09 00:00:00",,A,0.0711965132
"2006-07-28 00:00:00",,A,0
"2006-08-01 00:00:00",,A,0.1510656821
"2006-08-13 00:00:00",,A,0.114348401
"2006-08-21 00:00:00",,A,0.190728212
"2006-08-27 00:00:00",,A,0.1897877509
"2006-09-06 00:00:00",,A,0.1656239368
"2006-09-10 00:00:00",,A,0.1921001039
"2006-09-17 00:00:00",,A,0.1161151037
"2006-10-03 00:00:00",,A,0.1631236436
"2006-10-15 00:00:00",,A,0.1334920617
"2006-10-22 00:00:00",,A,0.2064295086
"2006-10-29 00:00:00",,A,0.1261701888
"2006-11-07 00:00:00",,A,0.1710433
"2006-11-19 00:00:00",,A,0.2156466368
"2006-11-26 00:00:00",,A,0.2477461053
"2006-12-03 00:00:00",,A,0.2019943598
"2006-12-10 00:00:00",,A,0.1123145612
"2006-12-17 00:00:00",,A,0.0533593324
"2006-12-24 00:00:00",,A,0.0312768226
"2007-01-07 00:00:00",,A,0.0093450397
"2007-01-14 00:00:00",,A,0.0092564572
"2007-01-21 00:00:00",,A,0.0112393723
"2007-01-28 00:00:00",,A,0.003935356
"2007-02-04 00:00:00",,A,0.0041774473
"2007-02-11 00:00:00",,A,0.0037162798
"2007-02-19 00:00:00",,A,0.0020131632
"2007-02-25 00:00:00",,A,0.002214148
"2007-03-05 00:00:00",,A,0.0003965691
"2007-03-11 00:00:00",,A,0.0011615322
"2007-03-18 00:00:00",,A,0
"2007-03-25 00:00:00",,A,0.0008355987
"2007-04-11 00:00:00",,A,0
"2007-04-22 00:00:00",,A,0
"2007-04-29 00:00:00",,A,0
"2007-05-07 00:00:00",,A,0
"2007-05-13 00:00:00",,A,0
"2007-05-20 00:00:00",,A,0
"2007-05-27 00:00:00",,A,0
"2007-06-03 00:00:00",,A,0
"2007-06-10 00:00:00",,A,0.0004087432
"2007-06-17 00:00:00",,A,0.0013529644
"2007-06-24 00:00:00",,A,0.0076592308
"2007-07-02 00:00:00",,A,0.0218229439
"2007-07-08 00:00:00",,A,0.0131985653
"2007-07-15 00:00:00",,A,0.0021434501
"2007-07-22 00:00:00",,A,0.0044082334
"2007-07-29 00:00:00",,A,0.0094399634
"2007-08-05 00:00:00",,A,0.0090695966
"2007-08-12 00:00:00",,A,0.012351979
"2007-08-19 00:00:00",,A,0.0178448062
"2007-08-26 00:00:00",,A,0.0190454824
"2007-09-02 00:00:00",,A,0.0285651863
"2007-09-09 00:00:00",,A,0.0289666393
"2007-09-16 00:00:00",,A,0.0323329648
"2007-09-23 00:00:00",,A,0.0312893374
"2007-10-07 00:00:00",,A,0.0620905871
"2007-10-14 00:00:00",,A,0.0616346831
"2007-10-24 00:00:00",,A,0.0851667325
"2007-11-04 00:00:00",,A,0.1202501791
"2007-11-11 00:00:00",,A,0.1779329107
"2007-11-18 00:00:00",,A,0.2581172505
"2007-11-25 00:00:00",,A,0.1250917871
"2007-12-03 00:00:00",,A,0.1584019917
"2007-12-09 00:00:00",,A,0.2042050589
"2007-12-16 00:00:00",,A,0.0834958424
"2007-12-23 00:00:00",,A,0.0110134548
"2007-12-30 00:00:00",,A,0.0117311018
"2008-01-07 00:00:00",,A,0.0133315322
"2008-01-13 00:00:00",,A,0.0079296508
"2008-01-20 00:00:00",,A,0.0031638913
"2008-01-27 00:00:00",,A,0.0024889621
"2008-02-03 00:00:00",,A,0.0017295587
"2008-02-10 00:00:00",,A,0.0003676665
"2008-02-17 00:00:00",,A,0.0002441149
"2008-02-24 00:00:00",,A,0.0002175352
"2008-03-02 00:00:00",,A,0.0003046532
"2008-03-10 00:00:00",,A,0.0002849125
"2008-03-16 00:00:00",,A,0
"2008-03-23 00:00:00",,A,0.0004919117
"2008-03-30 00:00:00",,A,0.0008976309
"2008-04-07 00:00:00",,A,0.0009833211
"2008-04-13 00:00:00",,A,0.0010606595
"2008-04-28 00:00:00",,A,0.0007972381
"2008-05-04 00:00:00",,A,0.0001940962
"2008-05-11 00:00:00",,A,0.0024264594
"2008-05-26 00:00:00",,A,0.0089990636
"2008-06-01 00:00:00",,A,0.0093773481
"2008-06-16 00:00:00",,A,0.0123280471
"2008-06-22 00:00:00",,A,0.0158733678
"2008-06-30 00:00:00",,A,0.0387045191
"2008-07-06 00:00:00",,A,0.0319148569
"2008-07-14 00:00:00",,A,0.0267048832
"2008-07-27 00:00:00",,A,0.0389956023
"2008-08-03 00:00:00",,A,0.0719070939
"2008-08-10 00:00:00",,A,0.1304796432
"2008-08-17 00:00:00",,A,0.2251782887
"2008-08-25 00:00:00",,A,0.2047604279
"2008-08-31 00:00:00",,A,0.4236384561
"2008-09-09 00:00:00",,A,0.5162669368
"2008-09-14 00:00:00",,A,0.5737588819
"2008-09-21 00:00:00",,A,0.6332098523
"2008-10-06 00:00:00",,A,0.7226839229
"2008-10-12 00:00:00",,A,0.5217336793
"2008-10-26 00:00:00",,A,0.2394026937
"2008-11-02 00:00:00",,A,0.3140737775
"2008-11-10 00:00:00",,A,0.161832473
"2008-11-16 00:00:00",,A,0.2196361574
"2008-11-23 00:00:00",,A,0.1254710122
"2008-11-30 00:00:00",,A,0.122214433
"2008-12-07 00:00:00",,A,0.0824296359
"2008-12-15 00:00:00",,A,0.0483268747
"2008-12-21 00:00:00",,A,0.0176987999
"2008-12-28 00:00:00",,A,0.0012434381
"2009-01-11 00:00:00",,A,0.0002339402
"2009-01-19 00:00:00",,A,0
"2009-01-25 00:00:00",,A,0
"2009-02-02 00:00:00",,A,0
"2009-02-08 00:00:00",,A,0
"2009-02-15 00:00:00",,A,0
"2009-02-22 00:00:00",,A,0
"2009-03-01 00:00:00",,A,0
"2009-03-08 00:00:00",,A,0
"2009-03-16 00:00:00",,A,0.0004684771
"2009-03-22 00:00:00",,A,0.0002016171
"2009-03-29 00:00:00",,A,0.0005121468
"2009-04-05 00:00:00",,A,0
"2009-04-19 00:00:00",,A,0.0008048625
"2009-04-26 00:00:00",,A,0.0047442438
"2009-05-03 00:00:00",,A,0.0066181499
"2009-05-10 00:00:00",,A,0.0055754582
"2009-05-17 00:00:00",,A,0.0112736038
"2009-05-24 00:00:00",,A,0.01681872
"2009-05-31 00:00:00",,A,0.0252702282
"2009-06-08 00:00:00",,A,0.0462747746
"2009-06-14 00:00:00",,A,0.0557004682
"2009-06-22 00:00:00",,A,0.0601128441
"2009-06-28 00:00:00",,A,0.035372391
"2009-07-05 00:00:00",,A,0.0430611077
"2009-07-12 00:00:00",,A,0.0689036198
"2009-07-19 00:00:00",,A,0.0642831689
"2009-07-26 00:00:00",,A,0.0597919651
"2009-08-02 00:00:00",,A,0.0669528214
"2009-08-09 00:00:00",,A,0.1347063422
"2009-08-16 00:00:00",,A,0.1213009224
"2009-08-23 00:00:00",,A,0.2150560628
"2009-08-30 00:00:00",,A,0.239042271
"2009-09-06 00:00:00",,A,0.3075145673
"2009-09-13 00:00:00",,A,0.2611938903
"2009-09-22 00:00:00",,A,0.3587287837
"2009-09-29 00:00:00",,A,0.432247198
"2009-10-11 00:00:00",,A,0.5573335507
"2009-10-18 00:00:00",,A,0.4898642947
"2009-10-25 00:00:00",,A,0.5559018332
"2009-11-01 00:00:00",,A,0.5654695081
"2009-11-09 00:00:00",,A,0.2349327053
"2009-11-15 00:00:00",,A,0.2607668657
"2009-11-23 00:00:00",,A,0.0615538838
"2009-11-29 00:00:00",,A,0.042859029
"2009-12-07 00:00:00",,A,0.0468505897
"2009-12-13 00:00:00",,A,0.0435608198
"2009-12-23 00:00:00",,A,0.0193449509
"2009-12-28 00:00:00",,A,0.020796475
"2010-01-04 00:00:00",,A,0.0199272129
"2010-01-10 00:00:00",,A,0.0155790923
"2010-01-21 00:00:00",,A,0.0198101754
"2010-01-31 00:00:00",,A,0.0145690606
"2010-02-09 00:00:00",,A,0.0175658226
"2010-02-14 00:00:00",,A,0.0221671522
"2010-02-21 00:00:00",,A,0.0424970521
"2010-03-01 00:00:00",,A,0.0213951252
"2010-03-07 00:00:00",,A,0.0257364782
"2010-03-14 00:00:00",,A,0.0237375683
"2010-03-21 00:00:00",,A,0.0451694342
"2010-03-23 00:00:00",,A,0.0360626935
"2010-03-28 00:00:00",,A,0.032800518
"2010-04-07 00:00:00",,A,0.0447916298
"2010-04-11 00:00:00",,A,0.0536871103
"2010-04-26 00:00:00",,A,0.0855792301
"2010-05-02 00:00:00",,A,0.0709814726
"2010-05-09 00:00:00",,A,0.0733556359
"2010-05-16 00:00:00",,A,0.0783476851
"2010-05-23 00:00:00",,A,0.0670494023
"2010-05-30 00:00:00",,A,0.0545032952
"2010-06-06 00:00:00",,A,0.0513001412
"2010-06-13 00:00:00",,A,0.057794959
"2010-06-20 00:00:00",,A,0.0264321956
"2010-06-27 00:00:00",,A,0.0120678746
"2010-07-05 00:00:00",,A,0.0035407637
"2010-07-11 00:00:00",,A,0.0036943308
"2010-07-19 00:00:00",,A,0.0105656504
"2010-07-25 00:00:00",,A,0.0068831038
"2010-08-01 00:00:00",,A,0.0156354796
"2010-08-08 00:00:00",,A,0.0522182463
"2010-08-16 00:00:00",,A,0.056630269
"2010-08-22 00:00:00",,A,0.0550332326
"2010-08-29 00:00:00",,A,0.0319880685
"2010-09-05 00:00:00",,A,0.0388643857
"2010-09-12 00:00:00",,A,0.0384281902
"2010-09-19 00:00:00",,A,0.0333072923
"2010-10-03 00:00:00",,A,0.1587399517
"2010-10-11 00:00:00",,A,0.1596129707
"2010-10-17 00:00:00",,A,0.2320247852
"2010-10-24 00:00:00",,A,0.2171129527
"2010-10-31 00:00:00",,A,0.3631983931
"2010-11-07 00:00:00",,A,0.4300670377
"2010-11-15 00:00:00",,A,0.4013857738
"2010-11-21 00:00:00",,A,0.4026785681
"2010-11-28 00:00:00",,A,0.272502141
"2010-12-05 00:00:00",,A,0.0809130942
"2010-12-14 00:00:00",,A,0.0669704421
"2010-12-19 00:00:00",,A,0.0506594702
"2010-12-26 00:00:00",,A,0.0369565101
"2011-01-02 00:00:00",,A,0.0099021611
"2011-01-09 00:00:00",,A,0.0029281132
"2011-01-16 00:00:00",,A,0.0019753035
"2011-01-23 00:00:00",,A,0.0080987872
"2011-01-30 00:00:00",,A,0.0048183549
"2011-02-06 00:00:00",,A,0.0078149043
"2011-02-13 00:00:00",,A,0.0089198857
"2011-02-21 00:00:00",,A,0.0064890218
"2011-02-27 00:00:00",,A,0.0119558244
"2011-03-06 00:00:00",,A,0.0202311799
"2011-03-13 00:00:00",,A,0.0125576345
"2011-03-20 00:00:00",,A,0.0101194073
"2011-03-28 00:00:00",,A,0.0085926274
"2011-04-03 00:00:00",,A,0.023293008
"2011-04-10 00:00:00",,A,0.009089264
"2011-04-26 00:00:00",,A,0.0255359742
"2011-05-01 00:00:00",,A,0.0423427423
"2011-05-11 00:00:00",,A,0.0799009717
"2011-05-23 00:00:00",,A,0.1672233067
"2011-05-29 00:00:00",,A,0.1499902246
"2011-06-05 00:00:00",,A,0.1448927934
"2011-06-12 00:00:00",,A,0.1170758922
"2011-06-19 00:00:00",,A,0.1295927331
"2011-06-26 00:00:00",,A,0.1052895732
"2011-07-03 00:00:00",,A,0.1661576608
"2011-07-10 00:00:00",,A,0.2337720979
"2011-07-18 00:00:00",,A,0.197316611
"2011-07-24 00:00:00",,A,0.2234501675
"2011-07-31 00:00:00",,A,0.280878889
"2011-08-07 00:00:00",,A,0.3727780112
"2011-08-14 00:00:00",,A,0.3804542834
"2011-08-21 00:00:00",,A,0.3908859731
"2011-08-28 00:00:00",,A,0.5155329894
"2011-09-04 00:00:00",,A,0.3316751356
"2011-09-12 00:00:00",,A,0.3198657034
"2011-09-18 00:00:00",,A,0.3273779029
"2011-09-25 00:00:00",,A,0.2854784979
"2011-10-02 00:00:00",,A,0.5374133932
"2011-10-09 00:00:00",,A,0.5280188183
"2011-10-23 00:00:00",,A,0.4563468209
"2011-10-30 00:00:00",,A,0.4548561882
"2011-11-06 00:00:00",,A,0.1444300987
"2011-11-14 00:00:00",,A,0.1632205008
"2011-11-20 00:00:00",,A,0.065612212
"2011-11-27 00:00:00",,A,0.0291872923
"2011-12-04 00:00:00",,A,0.0148544275
"2011-12-11 00:00:00",,A,0.0062764855
"2011-12-18 00:00:00",,A,0.0045120329
"2011-12-25 00:00:00",,A,0.0007541186
"2012-01-01 00:00:00",,A,0.001187752
"2012-01-06 00:00:00",,A,0
"2012-01-08 00:00:00",,A,0.0006839619
"2012-01-16 00:00:00",,A,0.0007166672
"2012-01-22 00:00:00",,A,0.0004497151
"2012-01-29 00:00:00",,A,0.0004948868
"2012-02-05 00:00:00",,A,0.0010147113
"2012-02-13 00:00:00",,A,0.0009414782
"2012-02-19 00:00:00",,A,0.0005095904
"2012-02-26 00:00:00",,A,0.0004216788
"2012-03-04 00:00:00",,A,0.0008736319
"2012-03-11 00:00:00",,A,0.000423557
"2012-03-18 00:00:00",,A,0.0006986812
"2012-03-26 00:00:00",,A,0.0010063033
"2012-04-01 00:00:00",,A,0.0007194984
"2012-04-15 00:00:00",,A,0
"2012-04-22 00:00:00",,A,0
"2012-04-29 00:00:00",,A,0
"2012-05-06 00:00:00",,A,0
"2012-05-13 00:00:00",,A,0
"2012-05-21 00:00:00",,A,0
"2012-05-28 00:00:00",,A,0
"2012-06-04 00:00:00",,A,0
"2012-06-10 00:00:00",,A,0.0012227321
"2012-06-19 00:00:00",,A,0.0128578878
"2012-06-24 00:00:00",,A,0.0169947553
"2012-07-02 00:00:00",,A,0.0434626651
"2012-07-08 00:00:00",,A,0.0873421503
"2012-07-15 00:00:00",,A,0.0909130218
"2012-07-22 00:00:00",,A,0.1341047015
"2012-07-29 00:00:00",,A,0.2522079952
"2012-08-05 00:00:00",,A,0.2349938717
"2012-08-12 00:00:00",,A,0.4104198341
"2012-08-19 00:00:00",,A,0.3842581781
"2012-08-26 00:00:00",,A,0.6974577174
"2012-09-02 00:00:00",,A,0.6102595748
"2012-09-10 00:00:00",,A,0.7063845483
"2012-09-24 00:00:00",,A,1
"2012-10-09 00:00:00",,A,0.6975143808
"2012-10-14 00:00:00",,A,0.7046537243
"2012-10-28 00:00:00",,A,0.537505375
"2012-11-04 00:00:00",,A,0.3003259439
"2012-11-12 00:00:00",,A,0.1051553548
"2012-11-18 00:00:00",,A,0.2123573224
"2012-11-25 00:00:00",,A,0.1382888562
"2012-12-02 00:00:00",,A,0.0383543017
"2012-12-09 00:00:00",,A,0.015038757
"2012-12-17 00:00:00",,A,0.0094502252
"2012-12-23 00:00:00",,A,0.0085918175
"2012-12-31 00:00:00",,A,0.0058369756
"2013-01-06 00:00:00",,A,0
"2013-01-14 00:00:00",,A,0
"2013-01-20 00:00:00",,A,0
"2013-01-27 00:00:00",,A,0
"2013-02-03 00:00:00",,A,0
"2013-02-10 00:00:00",,A,0
"2013-02-17 00:00:00",,A,0
"2013-02-24 00:00:00",,A,0
"2013-03-04 00:00:00",,A,0
"2013-03-10 00:00:00",,A,0
"2013-03-19 00:00:00",,A,0
"2013-04-02 00:00:00",,A,0
"2013-04-07 00:00:00",,A,0
"2013-04-14 00:00:00",,A,0
"2013-04-21 00:00:00",,A,0
"2013-04-28 00:00:00",,A,0
"2013-05-05 00:00:00",,A,0
"2013-05-19 00:00:00",,A,0
"2013-06-02 00:00:00",,A,0.0047558897
"2013-06-16 00:00:00",,A,0.0216456363
"2013-06-30 00:00:00",,A,0.0612743528
"2013-07-14 00:00:00",,A,0.0582869402
"2013-07-29 00:00:00",,A,0.0889461333
"2013-08-11 00:00:00",,A,0.0805984991
"2013-08-25 00:00:00",,A,0.0802156058
"2013-09-08 00:00:00",,A,0.0542338273
"2013-09-29 00:00:00",,A,0.0978502639
"2013-10-14 00:00:00",,A,0.1262388396
"2013-10-20 00:00:00",,A,0.347738685
"2013-10-27 00:00:00",,A,0.0917210077
"2013-11-11 00:00:00",,A,0.153523426
"2013-11-24 00:00:00",,A,0.0807357005
"2013-12-07 00:00:00",,A,0.0516369544
"2013-12-22 00:00:00",,A,0.0015576653
"2014-01-13 00:00:00",,A,0.004788092
"2014-01-27 00:00:00",,A,0
"2014-02-09 00:00:00",,A,0
"2014-02-16 00:00:00",,A,0
"2014-03-02 00:00:00",,A,0
"2014-03-17 00:00:00",,A,0
"2014-03-30 00:00:00",,A,0
"2014-04-06 00:00:00",,A,0.0038835316
"2014-04-22 00:00:00",,A,0.0208642809
"2014-05-11 00:00:00",,A,0.0464784977
"2014-05-25 00:00:00",,A,0.1168062104
"2014-06-08 00:00:00",,A,0.102157001
"2014-06-22 00:00:00",,A,0.0760617923
"2014-07-14 00:00:00",,A,0.0449091431
"2014-07-20 00:00:00",,A,0.0526208565
"2014-08-03 00:00:00",,A,0.0627614659
"2014-08-17 00:00:00",,A,0.0919434983
"2014-08-31 00:00:00",,A,0.1686626227
"2014-09-14 00:00:00",,A,0.1612779483
"2014-09-28 00:00:00",,A,0.2398745074
"2014-10-20 00:00:00",,A,0.2301849276
"2014-11-02 00:00:00",,A,0.2599919941
"2014-11-16 00:00:00",,A,0.1042311987
"2014-11-30 00:00:00",,A,0.0931689718
"2014-12-14 00:00:00",,A,0.0562727672
"2014-12-28 00:00:00",,A,0
"2015-01-11 00:00:00",,A,0
"2015-01-18 00:00:00",,A,0
"2015-02-01 00:00:00",,A,0
"2015-02-22 00:00:00",,A,0.0075630114
"2015-03-09 00:00:00",,A,0.0016201487
"2015-03-22 00:00:00",,A,0
"2015-04-12 00:00:00",,A,0.0071700383
"2015-04-26 00:00:00",,A,0.0119868562
"2015-05-10 00:00:00",,A,0.0158576825
"2015-05-24 00:00:00",,A,0.0252476152
"2015-06-08 00:00:00",,A,0.0677741914
"2015-06-21 00:00:00",,A,0.0799992931
"2015-07-05 00:00:00",,A,0.1319017968
"2015-07-19 00:00:00",,A,0.0894226334
"2015-08-02 00:00:00",,A,0.0912850959
"2015-08-16 00:00:00",,A,0.1156700193
"2015-08-30 00:00:00",,A,0.1046900613
"2015-09-07 00:00:00",,A,0.1781508361
"2015-09-20 00:00:00",,A,0.1229909834
"2015-10-11 00:00:00",,A,0.2603627911
"2015-10-25 00:00:00",,A,0.1290636132
"2015-11-08 00:00:00",,A,0.1124811738
"2015-11-22 00:00:00",,A,0.0884542348
"2015-12-06 00:00:00",,A,0.029875504
"2015-12-20 00:00:00",,A,0
"2016-01-03 00:00:00",,A,0
"2016-01-25 00:00:00",,A,0
"2016-01-31 00:00:00",,A,0
"2016-02-14 00:00:00",,A,0
"2016-02-28 00:00:00",,A,0.0029506679
"2016-03-13 00:00:00",,A,0
"2016-03-27 00:00:00",,A,0.0047817582
"2016-04-10 00:00:00",,A,0.0077623515
"2016-05-01 00:00:00",,A,0.044610553
"2016-05-15 00:00:00",,A,0.0382735465
"2016-05-29 00:00:00",,A,0.0400603385
"2016-06-13 00:00:00",,A,0.0568263606
"2016-06-27 00:00:00",,A,0.0586752167
"2016-07-10 00:00:00",,A,0.0460446079
"2016-07-24 00:00:00",,A,0.087864946
"2016-07-31 00:00:00",,A,0.1262318162
"2016-08-07 00:00:00",,A,0.0746796512
"2016-08-14 00:00:00",,A,0.0860945392
"2016-08-22 00:00:00",,A,0.1080947076
"2016-08-28 00:00:00",,A,0.1633418166
"2016-09-05 00:00:00",,A,0.0832955498
"2016-09-11 00:00:00",,A,0.1710459632
"2016-09-18 00:00:00",,A,0.1158124583
"2016-09-25 00:00:00",,A,0.1023197003
"2016-10-09 00:00:00",,A,0.149299622
"2016-10-26 00:00:00",,A,0.0944795923
"2016-10-30 00:00:00",,A,0.1028761715
"2016-11-06 00:00:00",,A,0.1193717693
"2016-11-13 00:00:00",,A,0.1414400759
"2016-11-20 00:00:00",,A,0.1022640611
"2016-11-27 00:00:00",,A,0.1336743511
"2016-12-04 00:00:00",,A,0.0518722969
"2016-12-11 00:00:00",,A,0.0160325694
"2016-12-18 00:00:00",,A,0.0016366235
"2017-01-01 00:00:00",,A,0
"2017-01-15 00:00:00",,A,0
"2017-01-31 00:00:00",,A,0
"2017-02-06 00:00:00",,A,0
"2017-02-12 00:00:00",,A,0
"2017-02-19 00:00:00",,A,0
"2017-02-26 00:00:00",,A,0
"2017-03-05 00:00:00",,A,0
"2017-03-13 00:00:00",,A,0.0001979618
"2017-03-20 00:00:00",,A,0
"2017-03-26 00:00:00",,A,0
"2017-04-02 00:00:00",,A,0
"2017-04-18 00:00:00",,A,0.0008703797
"2017-04-23 00:00:00",,A,0.0017188323
"2017-04-30 00:00:00",,A,0.0002380676
"2017-05-07 00:00:00",,A,0.0028866599
"2017-05-14 00:00:00",,A,0.0031445662
"2017-05-28 00:00:00",,A,0.0305577221
"2017-06-11 00:00:00",,A,0.0232374238
"2017-06-18 00:00:00",,A,0.0599761645
"2017-06-25 00:00:00",,A,0.0525190414
"2017-07-02 00:00:00",,A,0.070424102
"2017-07-09 00:00:00",,A,0.0302360082
"2017-07-16 00:00:00",,A,0.0345179959
"2017-07-23 00:00:00",,A,0.0748054672
"2017-07-30 00:00:00",,A,0.1999249996
"2017-08-06 00:00:00",,A,0.0871566154
"2017-08-15 00:00:00",,A,0.1917028629
"2017-08-20 00:00:00",,A,0.204165759
"2017-09-03 00:00:00",,A,0.2334515867
"2017-09-17 00:00:00",,A,0.2177879709
"2017-09-24 00:00:00",,A,0.202334185
"2017-10-01 00:00:00",,A,0.1521486786
"2017-10-15 00:00:00",,A,0.1324112971
"2017-10-22 00:00:00",,A,0.0963174955
"2017-10-29 00:00:00",,A,0.1114573222
"2017-11-05 00:00:00",,A,0.2042190966
"2017-11-12 00:00:00",,A,0.1254705942
"2017-11-19 00:00:00",,A,0.0920853678
"2017-11-26 00:00:00",,A,0.1072917256
"2017-12-04 00:00:00",,A,0.1430823758
"2017-12-12 00:00:00",,A,0.0901097895
"2017-12-17 00:00:00",,A,0.1571194278
"2017-12-25 00:00:00",,A,0.0610356712
"2017-12-31 00:00:00",,A,0.0359205698
"2018-01-07 00:00:00",,A,0.0096006271
"2018-01-14 00:00:00",,A,0
"2018-01-21 00:00:00",,A,0.0001933721
"2018-01-28 00:00:00",,A,0
"2018-02-04 00:00:00",,A,0
"2018-02-12 00:00:00",,A,0
"2018-02-19 00:00:00",,A,0
"2018-02-25 00:00:00",,A,0
"2018-03-04 00:00:00",,A,0
"2018-03-11 00:00:00",,A,0
"2018-03-18 00:00:00",,A,0
"2018-03-25 00:00:00",,A,0
"2018-04-08 00:00:00",,A,0
"2018-04-15 00:00:00",,A,0
"2018-04-23 00:00:00",,A,0.0060579771
"2018-04-29 00:00:00",,A,0
"2018-05-06 00:00:00",,A,0.0029448473
"2018-05-13 00:00:00",,A,0.0074957551
"2018-05-21 00:00:00",,A,0.0008818692
"2018-05-27 00:00:00",,A,0.0435360267
"2018-06-03 00:00:00",,A,0.0110563944
"2018-06-10 00:00:00",,A,0.006575389
"2018-06-19 00:00:00",,A,0.0189036991
"2018-06-24 00:00:00",,A,0.0111225177
"2018-07-01 00:00:00",,A,0.0225850273
"2018-07-08 00:00:00",,A,0.035975631
"2018-07-15 00:00:00",,A,0.0132322048
"2018-07-23 00:00:00",,A,0.0238199284
"2018-07-29 00:00:00",,A,0.0409889064
"2018-08-05 00:00:00",,A,0.0708076044
"2018-08-12 00:00:00",,A,0.0383867267
"2018-08-19 00:00:00",,A,0.0224610501
"2018-08-26 00:00:00",,A,0.0836197636
"2018-09-03 00:00:00",,A,0.1251926696
"2018-09-12 00:00:00",,A,0.1052106097
"2018-09-16 00:00:00",,A,0.1443994947
"2018-10-02 00:00:00",,A,0.112174399
"2018-10-07 00:00:00",,A,0.0894220636
"2018-10-15 00:00:00",,A,0.1485062878
"2018-10-21 00:00:00",,A,0.0702073202
"2018-11-04 00:00:00",,A,0.1185364596
"2018-11-11 00:00:00",,A,0.0727454108
"2018-11-18 00:00:00",,A,0.1056137622
"2018-11-25 00:00:00",,A,0.0578767261
"2018-12-02 00:00:00",,A,0.1287992879
"2018-12-10 00:00:00",,A,0.1116026185
"2018-12-17 00:00:00",,A,0.0746981013
"2018-12-23 00:00:00",,A,0.0521245299
"2018-12-30 00:00:00",,A,0.0454099068
"2019-01-13 00:00:00",,A,0.0091647247
"2019-01-29 00:00:00",,A,0
"2019-02-12 00:00:00",,A,0
"2019-02-25 00:00:00",,A,0.0006114404
"2019-03-10 00:00:00",,A,0
"2019-03-24 00:00:00",,A,0
"2019-04-07 00:00:00",,A,0
"2019-04-28 00:00:00",,A,0
"2019-05-12 00:00:00",,A,0.0028916401
"2019-05-26 00:00:00",,A,0
"2019-06-10 00:00:00",,A,0.0070916657
"2019-06-23 00:00:00",,A,0.017318758
"2019-07-07 00:00:00",,A,0.0245616203
"2019-07-21 00:00:00",,A,0.0584827399
"2019-08-04 00:00:00",,A,0.1411574171
"2019-08-18 00:00:00",,A,0.1723589768
"2019-09-01 00:00:00",,A,0.2969335065
"2019-09-15 00:00:00",,A,0.3479417044
"2019-10-02 00:00:00",,A,0.1196453395
"2019-10-27 00:00:00",,A,0.0353494964
"2019-11-10 00:00:00",,A,0.0693097516
"2019-11-24 00:00:00",,A,0.0633459173
"2019-12-08 00:00:00",,A,0.0431606123
"2019-12-22 00:00:00",,A,0.006263247
"2020-01-07 00:00:00",,A,0
"2020-01-26 00:00:00",,A,0
"2020-02-03 00:00:00",,A,0
"2020-02-16 00:00:00",,A,0
"2020-03-03 00:00:00",,A,0
"2020-03-15 00:00:00",,A,0
"2020-03-29 00:00:00",,A,0
"2020-04-05 00:00:00",,A,0
"2020-04-19 00:00:00",,A,0
"2020-05-03 00:00:00",,A,0
"2020-05-18 00:00:00",,A,0
"2020-05-31 00:00:00",,A,0
"2020-06-14 00:00:00",,A,0.0015460173
"2020-06-28 00:00:00",,A,0.0049028704
"2020-07-12 00:00:00",,A,0.0041037735
"2020-07-26 00:00:00",,A,0.0083716443
"2020-08-09 00:00:00",,A,0.0305000345
"2020-08-24 00:00:00",,A,0.0374552028
"2020-09-06 00:00:00",,A,0.1638175301
"2020-09-21 00:00:00",,A,0.2950639479
"2020-10-11 00:00:00",,A,0.2933820834
"2020-10-26 00:00:00",,A,0.2719125421
"2020-11-11 00:00:00",,A,0.1857969814
"2020-11-22 00:00:00",,A,0.1450474839
"2020-12-07 00:00:00",,A,0.1385718168
"2021-01-21 00:00:00",,A,0.0102828293
"2021-01-26 00:00:00",,A,0.0035349267
"2021-02-01 00:00:00",,A,0.0004256649
"2021-02-15 00:00:00",,A,0.0016606822
"2021-03-01 00:00:00",,A,0
"2021-03-15 00:00:00",,A,0
"2021-04-04 00:00:00",,A,0.0034457633
"2021-04-18 00:00:00",,A,0.0110455769
"2021-05-02 00:00:00",,A,0.0221553371
"2021-05-18 00:00:00",,A,0.0229913662
"2021-06-01 00:00:00",,A,0.0271749641
"2021-06-13 00:00:00",,A,0.0366329847
"2021-06-28 00:00:00",,A,0.0529510589
"2021-07-11 00:00:00",,A,0.0434283796
"2021-07-25 00:00:00",,A,0.0618092242
"2021-08-08 00:00:00",,A,0.0937391807
"2021-08-22 00:00:00",,A,0.1865936161
"2021-09-13 00:00:00",,A,0.1969190504
"2021-10-03 00:00:00",,A,0.1606554435
"2021-10-17 00:00:00",,A,0.1045169007
"2021-10-31 00:00:00",,A,0.0801408352
"2021-11-15 00:00:00",,A,0.0741208318
"2021-11-28 00:00:00",,A,0.0860228386
"2021-12-14 00:00:00",,A,0.0452622067
"2021-12-26 00:00:00",,A,0.0274726089
"2022-01-09 00:00:00",,A,0.0076861259
"2022-01-18 00:00:00",,A,0.0016472487
"2022-02-08 00:00:00",,A,0.0014566544
"2022-02-21 00:00:00",,A,0.0027986839
"2022-03-07 00:00:00",,A,0
"2022-03-21 00:00:00",,A,0.0019522459
"2022-04-12 00:00:00",,A,0.0033508711
"2022-04-24 00:00:00",,A,0.0068998455
"2022-05-08 00:00:00",,A,0.0200103396
"2022-05-24 00:00:00",,A,0.0280305623
"2022-06-06 00:00:00",,A,0.0501125726
"2022-06-19 00:00:00",,A,0.0550870873
"2022-07-03 00:00:00",,A,0.0856198785
"2022-07-18 00:00:00",,A,0.1652679413
"2022-07-31 00:00:00",,A,0.2825657285
"2022-08-14 00:00:00",,A,0.217138379
"2022-08-28 00:00:00",,A,0.1556047375
"2022-09-04 00:00:00",,A,0.336427584
"2022-09-18 00:00:00",,A,0.2438206104
"2022-10-02 00:00:00",,A,0.1004930365
"2022-10-18 00:00:00",,A,0.1392238982
"2022-10-31 00:00:00",,A,0.0524790854
"2022-11-15 00:00:00",,A,0.0643769818
"2022-11-27 00:00:00",,A,0.0998631961
"2022-12-11 00:00:00",,A,0.0599167579
"2022-12-25 00:00:00",,A,0.0208265873
"2023-01-08 00:00:00",,A,0.0114665754
"2023-01-22 00:00:00",,A,0.0042572826
"2023-02-19 00:00:00",,A,0
"2023-03-05 00:00:00",,A,0.0005429257
"2023-03-19 00:00:00",,A,0
"2023-04-02 00:00:00",,A,0
"2023-04-17 00:00:00",,A,0
"2023-05-01 00:00:00",,A,0
"2023-05-15 00:00:00",,A,0
"2023-06-11 00:00:00",,A,0
"2023-06-25 00:00:00",,A,0
"2023-07-09 00:00:00",,A,0.0007393972
"2023-07-23 00:00:00",,A,0.001444783
"2023-08-06 00:00:00",,A,0.0011793892
"2023-08-21 00:00:00",,A,0
"2023-09-03 00:00:00",,A,0.00479332
"2023-09-18 00:00:00",,A,0.0092688832